INSERT INTO Felhasznalo(user_id, name, email, password)
VALUES
(1,'Viktória','viktoria@mail.com','pass123'),
(2,'Lilla','lilla@mail.com','pass456'),
(3,'Gábor','gabor@mail.com','pass789'),
(4,'Anna','anna@mail.com','pass321'),
(5,'Tamás','tamas@mail.com','pass654'),
(6,'Katalin','katalin@mail.com','pass987'),
(7,'Miklós','miklos@mail.com','pass741'),
(8,'Eszter','eszter@mail.com','pass852'),
(9,'Zoltán','zoltan@mail.com','pass963'),
(10,'Judit','judit@mail.com','pass159'),
(11,'Péter','peter@mail.com','pass753'),
(12,'Dóra','dora@mail.com','pass456'),
(13,'Balázs','balazs@mail.com','pass852'),
(14,'Réka','reka@mail.com','pass369'),
(15,'András','andras@mail.com','pass147');
INSERT INTO Ajandek_Alkalom(ajandek_id, alkalom_id)
VALUES
(1, 2),
(1, 3),
(2, 2),
(2, 1),
(3, 1),
(3, 2),
(4, 1),
(4, 2),
(5, 2),
(5, 3),
(6, 1),
(6, 3),
(7, 3),
(7, 2),
(8, 1),
(8, 2),
(9, 2),
(9, 3),
(10, 1),
(10, 3);
INSERT INTO Ajandek_Celcsoport(ajandek_id, celcsoport_id)
VALUES
(1, 2),
(1, 5),
(2, 4),
(2, 5),
(3, 1),
(3, 2),
(4, 2),
(4, 6),
(5, 2),
(5, 4),
(6, 1),
(6, 2),
(7, 4),
(7, 5),
(8, 2),
(8, 5),
(9, 2),
(9, 4),
(10, 2),
(10, 5);
INSERT INTO Ajandek(id, nev, leiras, ar, tipus, stilus_id, image_url, link_url)
VALUES
(1, 'Vidám bögre', 'Vidám bögre leírása', 89940, 'élmény', 6, 'pelda.hu/okosora.png', 'https://bogrevaros.hu/Vidam-napot-bogre'),
(2, 'Wellness hétvége', 'Wellness hétvége leírása', 103321, 'élmény', 6, NULL, 'https://www.pihipakk.hu/csomag/wellness-es-romantika'),
(3, 'DIY kézműves készlet', 'DIY kézműves készlet leírása', 49433, 'élmény', 8, NULL, 'https://hobbivilag.hu/products/diy-3d-kezforma-klon-keszlet'),
(4, 'Szakácskönyv', 'Szakácskönyv leírása', 18038, 'tárgy', 6, NULL, 'https://szoky.hu/termek/konyv/'),
(5, 'Sétarepülés', 'Sétarepülés leírása', 2187, 'tárgy', 8, NULL, 'https://elmenyrepulesek.hu/uzlet/setarepules/budapest-latvanyossagai-setarepules'),
(6, 'Puzzle játék', 'Puzzle játék leírása', 6459, 'élmény', 2, NULL, 'https://www.puzzlekucko.hu/termek/anatolian-1000-darabos-1143-doggies-in-the-bedroom'),
(7, 'Romantikus vacsora', 'Romantikus vacsora leírása', 7247, 'tárgy', 4, NULL, 'https://meglepkek.hu/romantika-es-lanykeres/romantikus-vacsora-es-hajozas-a-dunan'),
(8, 'Egyedi póló', 'Egyedi póló leírása', 11271, 'tárgy', 3, NULL, 'https://pamutlabor.hu/egyedi'),
(9, 'Csokoládé válogatás', 'Csokoládé válogatás leírása', 52819, 'élmény', 4, NULL, 'https://veghmeli.com/termek/kezzel-keszitett-bonbon-valogatas-egyedulalloan-szep-diszcsomagolasban/'),
(10, 'Színházjegy', 'Színházjegy leírása', 102627, 'élmény', 1, NULL, 'https://www.jegy.hu/ajandekkartya'),
(11, 'Gokartozás', 'Gokartozás leírása', 75867, 'élmény', 6, NULL, 'https://gokartvac.hu/idopont-foglalas-vaci-gokart-palya/'),
(12, 'Festőkészlet', 'Festőkészlet leírása', 9278, 'tárgy', 7, NULL, 'https://www.emag.hu/vincent-188-reszes-festokeszlet-4054673402117/pd/D16CZBMBM/'),
(13, 'Okosóra', 'Okosóra leírása', 6474, 'tárgy', 7, NULL, 'https://okosora-aktivitasmero.arukereso.hu/'),
(14, 'Parfüm', 'Parfüm leírása', 16387, 'tárgy', 3, NULL, 'https://www.notino.hu/parfumok/'),
(15, 'Társasjáték', 'Társasjáték leírása', 39802, 'élmény', 2, NULL, 'https://tarsasjatekrendeles.hu/TOP_50'),
(16, 'Borkóstoló', 'Borkóstoló leírása', 63357, 'élmény', 6, NULL, 'https://elmenyplaza.hu/elmeny-kategoriak/gasztronomiai-kalandok/borkostolok'),
(17, 'Szabadulószoba', 'Szabadulószoba leírása', 14323, 'tárgy', 2, NULL, 'https://booking.neverland.hu/hu/gift'),
(18, 'Állatkerti belépő', 'Állatkerti belépő leírása', 13523, 'tárgy', 6, NULL, 'https://tickets.zoobudapest.com/hu/'),
(19, 'Főzőtanfolyam', 'Főzőtanfolyam leírása', 90698, 'élmény', 3, NULL, 'https://elmenyplaza.hu/elmeny-kategoriak/gasztronomiai-kalandok/fozotanfolyamok'),
(20, 'Masszázs utalvány', 'Masszázs utalvány leírása', 3843, 'tárgy', 1, NULL, 'https://www.chmassage.hu/hu/ajandekutalvany'),
(21, 'Jegy koncertre', 'Jegy koncertre leírása', 59592, 'élmény', 3, NULL, 'https://www.budapestpark.hu/'),
(22, 'Tánctanfolyam', 'Tánctanfolyam leírása', 62529, 'élmény', 1, NULL, 'https://tancvalaszto.hu/kezdo-tanfolyamok.html'),
(23, 'Kertészeti szett', 'Kertészeti szett leírása', 58481, 'élmény', 4, NULL, 'https://www.csepeligravir.hu/termek/kerteszeti-szett-gravirozas-nelkuli-termek/'),
(24, 'Hobbi készlet', 'Hobbi készlet leírása', 12968, 'tárgy', 4, NULL, 'https://www.kreativhobby.hu/ajandekotletek-2117'),
(25, 'Plüssfigura', 'Plüssfigura leírása', 10089, 'tárgy', 8, NULL, 'https://www.plussfigurabolt.hu/termek'),
(26, 'Kerékpár kiegészítő', 'Kerékpár kiegészítő leírása', 8415, 'tárgy', 6, NULL, 'https://www.bicajbolt.hu/kiegeszitok'),
(27, 'Laptop táska', 'Laptop táska leírása', 10995, 'tárgy', 4, NULL, 'https://www.laptoptaska.hu/termek'),
(28, 'Napernyő', 'Napernyő leírása', 42141, 'élmény', 6, NULL, 'https://www.napernyobolt.hu/termek'),
(29, 'Sportcipő', 'Sportcipő leírása', 9880, 'tárgy', 5, NULL, 'https://www.sportcipobolt.hu/termek'),
(30, 'Hátizsák', 'Hátizsák leírása', 12350, 'tárgy', 3, NULL, 'https://www.hatizsakbolt.hu/termek'),
(31, 'Laptop hűtőpad', 'Laptop hűtőpad leírása', 9612, 'tárgy', 8, NULL, 'https://www.laptophutopad.hu/termek'),
(32, 'LED lámpa', 'LED lámpa leírása', 23426, 'élmény', 1, NULL, 'https://www.ledlampabolt.hu/termek'),
(33, 'Szépségcsomag', 'Szépségcsomag leírása', 6991, 'tárgy', 3, NULL, 'https://www.szepsegcsomag.hu/termek'),
(34, 'Fitness bérlet', 'Fitness bérlet leírása', 18475, 'tárgy', 8, NULL, 'https://www.fitnessberlet.hu/termek'),
(35, 'VR szemüveg', 'VR szemüveg leírása', 15204, 'tárgy', 7, NULL, 'https://www.vrszemuveg.hu/termek'),
(36, 'Hangszóró', 'Hangszóró leírása', 34263, 'élmény', 5, NULL, 'https://www.hangszorobolt.hu/termek'),
(37, 'Bluetooth fülhallgató', 'Bluetooth fülhallgató leírása', 101883, 'élmény', 1, NULL, NULL),
(38, 'Ékszer szett', 'Ékszer szett leírása', 14018, 'tárgy', 2, NULL, NULL),
(39, 'Fotóalbum', 'Fotóalbum leírása', 8759, 'tárgy', 5, NULL, NULL),
(40, 'Könyvcsomag', 'Könyvcsomag leírása', 74363, 'élmény', 1, NULL, NULL),
(41, 'Italválogatás', 'Italválogatás leírása', 18626, 'tárgy', 2, NULL, NULL),
(42, 'Vezetéstechnikai tréning', 'Vezetéstechnikai tréning leírása', 90593, 'élmény', 1, NULL, NULL),
(43, 'Nyári tábor belépő', 'Nyári tábor belépő leírása', 107347, 'élmény', 8, NULL, NULL),
(44, 'Konyhai robotgép', 'Konyhai robotgép leírása', 17563, 'tárgy', 2, NULL, NULL),
(45, 'Bögre szett', 'Bögre szett leírása', 33739, 'élmény', 3, NULL, NULL),
(46, 'Hobbi magazin előfizetés', 'Hobbi magazin előfizetés leírása', 48553, 'élmény', 8, NULL, NULL),
(47, 'Kézműves csokoládé', 'Kézműves csokoládé leírása', 2559, 'tárgy', 6, NULL, NULL),
(48, 'Gyertyakészlet', 'Gyertyakészlet leírása', 3539, 'tárgy', 1, NULL, NULL),
(49, 'Retro játék konzol', 'Retro játék konzol leírása', 32649, 'élmény', 5, NULL, NULL),
(50, 'Mini drón', 'Mini drón játék leírása', 15999, 'tárgy', 7, NULL, 'https://dronebolt.hu/mini-dron'),
(51, 'Szappankészítő készlet', 'Szappankészítő készlet leírása', 8345, 'élmény', 4, NULL, 'https://hobbivilag.hu/szappankeszito'),
(52, 'Borkóstoló hétvége', 'Borkóstoló hétvége leírása', 45210, 'élmény', 6, NULL, 'https://elmenyplaza.hu/borkostolo'),
(53, 'Okostermosztát', 'Okostermosztát leírása', 20499, 'tárgy', 6, NULL, 'https://okosotthon.hu/okostermosztat'),
(54, 'Retro vinyl lemez', 'Retro vinyl lemez leírása', 7530, 'tárgy', 5, NULL, 'https://zenebolt.hu/vinyl'),
(55, 'Jóga bérlet', 'Jóga bérlet leírása', 12345, 'élmény', 2, NULL, 'https://fitnessextra.hu/joga-berlet'),
(56, 'Kézműves bögre', 'Kézműves bögre leírása', 6789, 'tárgy', 4, NULL, 'https://keramia.hu/keszlet/bogre'),
(57, 'VR játék élmény', 'VR játék élmény leírása', 31999, 'élmény', 7, NULL, 'https://vrworld.hu/jatek'),
(58, 'Színező készlet', 'Színező készlet leírása', 2540, 'tárgy', 8, NULL, 'https://hobbivilag.hu/szinezokeszlet'),
(59, 'Főzőtanfolyam gasztronómia', 'Főzőtanfolyam leírása', 21450, 'élmény', 3, NULL, 'https://gasztrotanfolyam.hu/fozo'),
(60, 'Masszázs hétvége', 'Masszázs hétvége leírása', 18999, 'élmény', 1, NULL, 'https://wellnessguru.hu/masszazs'),
(61, 'Okos kulcstartó', 'Okos kulcstartó leírása', 5420, 'tárgy', 7, NULL, 'https://okoseszkozok.hu/kulcstarto'),
(62, 'Beltéri növény szett', 'Beltéri növény szett leírása', 11234, 'tárgy', 4, NULL, 'https://kertvarazs.hu/belteri-noveny'),
(63, 'Színház bérlet', 'Színház bérlet leírása', 36500, 'élmény', 1, NULL, 'https://jegy.hu/szinhaz'),
(64, 'Borkóstoló vacsora', 'Borkóstoló vacsora leírása', 40999, 'élmény', 6, NULL, 'https://gasztroelmeny.hu/borkostolo'),
(65, 'Kézműves gyertya készlet', 'Kézműves gyertya készlet leírása', 3299, 'tárgy', 4, NULL, 'https://hobbivilag.hu/gyertyakeszlet'),
(66, 'Kerékpáros túra', 'Kerékpáros túra leírása', 17450, 'élmény', 5, NULL, 'https://elmenyut.hu/kerekparos'),
(67, 'VR kaland', 'VR kaland leírása', 34999, 'élmény', 7, NULL, 'https://vrkalandozas.hu'),
(68, 'Kézműves ékszer', 'Kézműves ékszer leírása', 11999, 'tárgy', 4, NULL, 'https://kezmuvesekszerek.hu'),
(69, 'Séta a városban', 'Séta a városban leírása', 10200, 'élmény', 2, NULL, 'https://varoserteke.hu/seta'),
(70, 'Okos lámpa', 'Okos lámpa leírása', 9450, 'tárgy', 6, NULL, 'https://okosotthon.hu/lampa'),
(71, 'Festőkészlet deluxe', 'Festőkészlet deluxe leírása', 18999, 'tárgy', 7, NULL, 'https://festokeszlet.hu/deluxe'),
(72, 'Kalandpark belépő', 'Kalandpark belépő leírása', 22500, 'élmény', 5, NULL, 'https://kalandpark.hu/belépő'),
(73, 'Borkóstoló élmény', 'Borkóstoló élmény leírása', 38500, 'élmény', 6, NULL, 'https://elmenyplaza.hu/borkostolo'),
(74, 'Egyedi fotóalbum', 'Egyedi fotóalbum leírása', 11450, 'tárgy', 3, NULL, 'https://fotoalbum.hu/egyedi'),
(75, 'Szabadulószoba élmény', 'Szabadulószoba élmény leírása', 17250, 'élmény', 2, NULL, 'https://szabaduloszoba.hu'),
(76, 'Hőlégballon túra', 'Hőlégballon túra leírása', 84999, 'élmény', 7, NULL, 'https://ballon.hu'),
(77, 'Okos termosz', 'Okos termosz leírása', 4250, 'tárgy', 6, NULL, 'https://okosotthon.hu/termosz'),
(78, 'DIY dekoráció', 'DIY dekoráció leírása', 7540, 'élmény', 4, NULL, 'https://hobbivilag.hu/dekoracio'),
(79, 'Fitness szett', 'Fitness szett leírása', 18499, 'tárgy', 8, NULL, 'https://fitnessbolt.hu/szett'),
(80, 'Mini színházi előadás', 'Mini színházi előadás leírása', 10250, 'élmény', 1, NULL, 'https://szinhaz.hu/minieloadas');
INSERT INTO Alkalom(id, nev)
VALUES
(1, 'Születésnap'),
(2, 'Karácsony'),
(3, 'Valentin-nap'),
(4, 'Ballagás'),
(5, 'Esküvő'),
(6, 'Anyák napja'),
(7, 'Apák napja'),
(8, 'Húsvét'),
(9, 'Farsang'),
(10, 'Névnap'),
(11, 'Mikulás'),
(12, 'Halloween'),
(13, 'Évforduló'),
(14, 'Diplomaosztó'),
(15, 'Házasévesforduló'),
(16, 'Barátság napja'),
(17, 'Új év'),
(18, 'Nyugdíjazás'),
(19, 'Köszönetnyilvánítás'),
(20, 'Eljegyzés'),
(21, 'Szilveszter'),
(22, 'Jubileum'),
(23, 'Búcsúzkodó buli'),
(24, 'Házavató'),
(25, 'Gyermek születés');
INSERT INTO Celcsoport(id, nev)
VALUES
(1, 'gyerekek'),
(2, 'felnőttek'),
(3, 'idősek'),
(4, 'párok'),
(5, 'barátok'),
(6, 'szülők'),
(7, 'kollégák'),
(8, 'tanárok');
INSERT INTO Kuponok(coupon_id, user_id, coupon_code, status, discount, expiry_date)
VALUES
(1, 1, 'KU123', 'Nem felhasználva', 1000, '2025-12-31'),
(2, 2, 'KU456', 'Felhasználva', 1500, '2025-11-30'),
(3, 1, 'KU789', 'Nem felhasználva', 2000, '2026-01-15');
INSERT INTO Stilusok(id, nev)
VALUES
(1, 'Vicces'),
(2, 'Hasznos'),
(3, 'Luxus'),
(4, 'Kézműves'),
(5, 'Romantikus'),
(6, 'Technológias'),
(7, 'Egyedi'),
(8, 'Kreatív'),
(9, 'Praktikus'),
(10, 'Elegáns'),
(11, 'Extrém'),
(12, 'Sportos'),
(13, 'Képzőművészeti'),
(14, 'Gasztronómiai'),
(15, 'DIY'),
(16, 'Vintage'),
(17, 'Zenei'),
(18, 'Otthoni'),
(19, 'Utazós'),
(20, 'Trendkövető');
